FTR	1.1879	1.43	2017-05-05 14:15:00 UTC+0000	1.44	0.6993006993007089%
VIAB	1.0979	36.46	2017-05-05 15:35:00 UTC+0000	36.525	0.17827756445418785%
AKAM	1.081	52.86	2017-05-05 16:27:00 UTC+0000	52.0499	-1.5325387816874758%
NRG	1.0569	14.60	2017-05-05 15:05:00 UTC+0000	14.90	2.0547945205479534%
MOS	1.0537	23.32	2017-05-05 16:57:00 UTC+0000	23.42	0.42881646655232863%
CTL	1.0535	23.74	2017-05-05 14:41:00 UTC+0000	23.62	-0.5054759898904693%
OKE	1.0431	49.34	2017-05-05 15:10:00 UTC+0000	49.88	1.0944466963923816%
LB	1.0431	49.44	2017-05-05 15:21:00 UTC+0000	50.37	1.8810679611650505%
FCX	1.0422	11.68	2017-05-05 14:18:00 UTC+0000	11.795	0.9845890410958846%
SWN	1.04	7.02	2017-05-05 16:17:00 UTC+0000	7.205	2.6353276353276334%
APC	1.0376	51.94	2017-05-05 14:41:00 UTC+0000	52.905	1.8579129765113667%
CHK	1.0338	5.13	2017-05-05 16:29:00 UTC+0000	5.40	5.2631578947368585%
LVLT	1.0329	57.81	2017-05-05 16:30:00 UTC+0000	57.63	-0.31136481577581643%
DVA	1.0325	65.24	2017-05-05 15:57:00 UTC+0000	65.09	-0.22992029429795835%
O	1.0324	55.78	2017-05-05 14:47:00 UTC+0000	56.3614	1.0423090713517436%
DVN	1.031	36.98	2017-05-05 15:05:00 UTC+0000	37.72	2.001081665765292%
MRO	1.0267	14.17	2017-05-05 14:42:00 UTC+0000	14.265	0.6704304869442623%
EQT	1.0244	56.25	2017-05-05 15:13:00 UTC+0000	57.30	1.866666666666661%
CHTR	1.0239	322.60	2017-05-05 15:24:00 UTC+0000	329.20	2.0458772473651576%
HCP	1.0238	29.90	2017-05-05 15:58:00 UTC+0000	30.10	0.6688963210702337%
AWK	1.0233	75.68	2017-05-05 15:55:00 UTC+0000	76.54	1.1363636363636465%
EOG	1.0228	88.60	2017-05-05 16:20:00 UTC+0000	90.02	1.6027088036117298%
MAC	1.0227	61.57	2017-05-05 14:12:00 UTC+0000	61.88	0.503491960370317%
WMB	1.0224	29.53	2017-05-05 15:15:00 UTC+0000	29.76	0.7788689468337218%
BHI	1.021	57.41	2017-05-05 15:25:00 UTC+0000	58.77	2.3689252743424705%
DISCA	1.0204	26.63	2017-05-05 16:36:00 UTC+0000	26.86	0.8636875704093105%
RRC	1.0202	25.47	2017-05-05 14:02:00 UTC+0000	25.733	1.0325873576757072%
NFX	1.02	33.65	2017-05-05 16:46:00 UTC+0000	34.195	1.6196136701337238%
KMI	1.0198	19.76	2017-05-05 16:30:00 UTC+0000	19.905	0.7338056680161964%
MPC	1.0197	49.56	2017-05-05 16:08:00 UTC+0000	50.21	1.311541565778862%
PXD	1.0194	165.63	2017-05-04 17:30:00 UTC+0000	164.67	-0.579605143995654%
HES	1.0177	45.84	2017-05-05 15:35:00 UTC+0000	46.89	2.290575916230364%
HBI	1.0175	20.88	2017-05-05 16:14:00 UTC+0000	21.34	2.2030651340996243%
BLL	1.0172	76.22	2017-05-05 16:06:00 UTC+0000	80.40	5.48412490160064%
VRSK	1.0171	78.01	2017-05-05 13:45:00 UTC+0000	79.46	1.8587360594795488%
ZBH	1.0167	116.85	2017-05-05 15:14:00 UTC+0000	116.17	-0.5819426615318757%
FMC	1.0164	70.73	2017-05-05 14:57:00 UTC+0000	71.595	1.2229605542202648%
DISCK	1.0163	26.08	2017-05-05 15:46:00 UTC+0000	26.27	0.7285276073619729%
FOXA	1.0156	29.04	2017-05-05 16:44:00 UTC+0000	28.51	-1.8250688705234053%
FLS	1.0155	48.63	2017-05-05 13:41:00 UTC+0000	48.837	0.4256631708821734%
COG	1.0149	23.48	2017-05-05 15:18:00 UTC+0000	23.73	1.0647359454855287%
VRTX	1.0146	116.39	2017-05-05 16:09:00 UTC+0000	114.65	-1.4949737949995656%
RIG	1.0144	10.34	2017-05-05 15:23:00 UTC+0000	11.10	7.350096711798848%
FOX	1.0142	28.50	2017-05-05 15:08:00 UTC+0000	28.345	-0.5438596491228131%
EMR	1.0138	58.17	2017-05-05 14:18:00 UTC+0000	58.60	0.7392126525700426%
COP	1.0135	45.92	2017-05-05 13:51:00 UTC+0000	46.30	0.8275261324041772%
ADP	1.0128	99.10	2017-05-05 14:43:00 UTC+0000	98.995	-0.10595358224014806%
SIG	1.012	63.90	2017-05-05 16:38:00 UTC+0000	64.78	1.3771517996870042%
CAT	1.0118	99.39	2017-05-05 15:13:00 UTC+0000	99.9092	0.5223865580038289%
MUR	1.0113	25.30	2017-05-05 16:54:00 UTC+0000	25.955	2.588932806324107%
KIM	1.0113	19.96	2017-05-05 16:46:00 UTC+0000	19.97	0.05010020040079333%
BXP	1.0113	123.37	2017-05-05 16:29:00 UTC+0000	123.53	0.12969117289454157%
CMG	1.0106	472.40	2017-05-05 15:03:00 UTC+0000	467.76	-0.982218458933104%
NBL	1.0099	30.61	2017-05-05 16:48:00 UTC+0000	30.63	0.06533812479581069%
TAP	1.0098	91.73	2017-05-05 14:09:00 UTC+0000	92.59	0.9375340673716259%
T	1.0097	38.01	2017-05-05 16:27:00 UTC+0000	38.3848	0.9860563009734369%
GGP	1.0096	22.30	2017-05-05 16:39:00 UTC+0000	22.24	-0.2690582959641308%
NAVI	1.0096	15.16	2017-05-05 16:30:00 UTC+0000	15.06	-0.659630606860151%
QRVO	1.0095	67.02	2017-05-05 14:07:00 UTC+0000	66.35	-0.9997015816174293%
UAA	1.0095	20.42	2017-05-05 16:50:00 UTC+0000	20.535	0.5631733594515076%
NOV	1.0095	33.25	2017-05-05 16:38:00 UTC+0000	34.03	2.34586466165414%
CBS	1.0092	63.85	2017-05-05 14:17:00 UTC+0000	64.48	0.9866875489428439%
DIS	1.0092	111.17	2017-05-05 16:20:00 UTC+0000	111.29	0.10794279032113607%
ENDP	1.0091	11.17	2017-05-05 16:15:00 UTC+0000	11.07	-0.8952551477171%
BBBY	1.0088	37.10	2017-05-05 16:46:00 UTC+0000	37.28	0.48517520215634047%
FLR	1.0088	50.60	2017-05-05 17:04:00 UTC+0000	47.90	-5.335968379446642%
DFS	1.0086	60.55	2017-05-05 16:38:00 UTC+0000	60.45	-0.16515276630882925%
WU	1.0085	19.40	2017-05-05 15:45:00 UTC+0000	19.405	0.025773195876310773%
EMN	1.0083	78.11	2017-05-05 15:24:00 UTC+0000	79.055	1.2098322877992729%
CMCSA	1.0082	38.29	2017-05-05 14:11:00 UTC+0000	38.555	0.6920867067119474%
LYB	1.0079	81.42	2017-05-05 13:51:00 UTC+0000	82.18	0.9334315892901124%
GWW	1.0078	187.54	2017-05-04 20:00:00 UTC+0000	187.54	0.0%
WHR	1.0077	183.93	2017-05-05 15:49:00 UTC+0000	184.38	0.24465829391615568%
HAL	1.0075	44.60	2017-05-05 15:23:00 UTC+0000	45.47	1.9506726457399148%
LUK	1.0074	25.34	2017-05-05 15:36:00 UTC+0000	25.60	1.0260457774269982%
GPS	1.0072	25.70	2017-05-05 13:38:00 UTC+0000	26.00	1.1673151750972721%
APA	1.0071	47.90	2017-05-05 14:58:00 UTC+0000	49.155	2.620041753653446%
NEM	1.0065	32.28	2017-05-05 14:04:00 UTC+0000	32.70	1.3011152416356975%
ALXN	1.0064	130.15	2017-05-05 15:52:00 UTC+0000	129.58	-0.4379562043795526%
PSX	1.0063	78.24	2017-05-05 16:00:00 UTC+0000	78.83	0.7540899795501099%
AES	1.006	11.09	2017-05-05 16:06:00 UTC+0000	11.2505	1.4472497745716906%
HST	1.0059	18.00	2017-05-05 15:13:00 UTC+0000	18.12	0.6666666666666821%
ARNC	1.0058	26.62	2017-05-05 14:57:00 UTC+0000	26.82	0.7513148009015813%
FRT	1.0057	131.40	2017-05-05 16:49:00 UTC+0000	132.68	0.9741248097412392%
GM	1.0054	33.15	2017-05-05 16:32:00 UTC+0000	33.56	1.2368024132730193%
PRGO	1.0053	73.12	2017-05-05 13:50:00 UTC+0000	73.09	-0.04102844638950165%
HP	1.0051	58.05	2017-05-05 16:30:00 UTC+0000	59.04	1.7054263565891459%
BBY	1.0049	50.87	2017-05-05 17:00:00 UTC+0000	51.35	0.9435816787890738%
TSCO	1.0049	61.54	2017-05-05 14:27:00 UTC+0000	61.37	-0.2762430939226568%
WYNN	1.0049	124.32	2017-05-05 14:40:00 UTC+0000	121.49	-2.2763835263835297%
SPG	1.0046	165.42	2017-05-05 15:57:00 UTC+0000	164.83	-0.35666787571029257%
SNI	1.0046	70.20	2017-05-05 13:50:00 UTC+0000	71.63	2.037037037037037%
PWR	1.0044	34.97	2017-05-05 15:25:00 UTC+0000	34.35	-1.7729482413497255%
XRX	1.0041	6.93	2017-05-05 14:34:00 UTC+0000	6.93	0.0%
DOW	1.004	61.42	2017-05-05 14:24:00 UTC+0000	61.955	0.8710517746662205%
M	1.004	28.92	2017-05-05 16:43:00 UTC+0000	29.07	0.5186721991701226%
CERN	1.004	64.12	2017-05-04 20:00:00 UTC+0000	64.12	0.0%
TGNA	1.004	25.00	2017-05-05 17:07:00 UTC+0000	25.625	2.499999999999991%
IDXX	1.0038	160.46	2017-05-05 16:34:00 UTC+0000	160.99	0.3303003863891263%
F	1.0037	11.00	2017-05-05 14:34:00 UTC+0000	10.98	-0.181818181818183%
URBN	1.0036	23.04	2017-05-05 16:12:00 UTC+0000	23.515	2.061631944444442%
WY	1.0036	33.10	2017-05-05 16:34:00 UTC+0000	33.295	0.5891238670694854%
TIF	1.0033	91.00	2017-05-05 15:06:00 UTC+0000	91.78	0.8571428571428674%
VTR	1.0031	62.65	2017-05-05 16:40:00 UTC+0000	63.405	1.2051077414205968%
AXP	1.0031	78.33	2017-05-05 15:59:00 UTC+0000	78.12	-0.2680965147452974%
AMZN	1.0031	937.53	2017-05-05 16:22:00 UTC+0000	933.19	-0.46291851994069155%
ETN	1.003	75.84	2017-05-05 16:32:00 UTC+0000	76.31	0.6197257383966148%
ADM	1.0028	42.40	2017-05-05 15:26:00 UTC+0000	42.615	0.5070754716981263%
NTAP	1.0027	39.77	2017-05-05 13:35:00 UTC+0000	39.76	-0.025144581342728678%
MU	1.0027	27.79	2017-05-05 13:40:00 UTC+0000	27.72	-0.25188916876573986%
ALK	1.0026	85.43	2017-05-05 14:59:00 UTC+0000	85.07	-0.4213976354910609%
NLSN	1.0026	39.89	2017-05-05 16:49:00 UTC+0000	40.16	0.6768613687640812%
SLB	1.0026	70.94	2017-05-05 14:25:00 UTC+0000	71.44	0.7048209754722201%
DOV	1.0026	77.06	2017-05-05 15:16:00 UTC+0000	78.42	1.764858551777837%
BIIB	1.0026	268.60	2017-05-05 16:41:00 UTC+0000	262.45	-2.2896500372300954%
CMI	1.0025	156.04	2017-05-05 13:53:00 UTC+0000	155.76	-0.17944116893104933%
XOM	1.0025	81.64	2017-05-05 13:43:00 UTC+0000	81.77	0.15923566878981443%
NVDA	1.0024	103.85	2017-05-05 13:47:00 UTC+0000	103.06	-0.7607125662012493%
SPLS	1.0023	9.61	2017-05-05 16:30:00 UTC+0000	9.60	-0.10405827263266776%
MCHP	1.0022	75.01	2017-05-05 15:03:00 UTC+0000	75.07	0.0799893347553482%
FLIR	1.0021	36.91	2017-05-05 16:13:00 UTC+0000	36.70	-0.5689515036575332%
L	1.002	46.75	2017-05-05 13:32:00 UTC+0000	47.00	0.5347593582887722%
LKQ	1.002	31.05	2017-05-05 16:27:00 UTC+0000	31.59	1.7391304347825987%
FB	1.002	150.85	2017-05-05 14:54:00 UTC+0000	150.26	-0.3911170036460132%
ADS	1.0019	253.68	2017-05-05 15:39:00 UTC+0000	252.76	-0.36266162093977483%
URI	1.0018	107.36	2017-05-05 15:12:00 UTC+0000	107.93	0.5309239940387567%
XEC	1.0018	115.83	2017-05-05 15:25:00 UTC+0000	118.78	2.546835880169218%
PFG	1.0018	64.43	2017-05-05 16:12:00 UTC+0000	64.28	-0.23281080242124608%
TWX	1.0017	98.30	2017-05-05 14:49:00 UTC+0000	98.30	0.0%
BMY	1.0016	55.19	2017-05-04 20:01:00 UTC+0000	55.19	0.0%
NSC	1.0015	116.84	2017-05-05 16:39:00 UTC+0000	116.96	0.1027045532351778%
UHS	1.0014	122.50	2017-05-05 16:21:00 UTC+0000	121.99	-0.41632653061225433%
FL	1.0014	76.13	2017-05-05 14:04:00 UTC+0000	76.16	0.039406278733755684%
AMP	1.0014	128.10	2017-05-05 13:30:00 UTC+0000	128.36	0.2029664324746383%
HCN	1.0013	69.86	2017-05-05 14:43:00 UTC+0000	69.80	-0.08588605782995362%
DD	1.0013	78.79	2017-05-05 16:49:00 UTC+0000	80.29	1.9037948978296804%
SLG	1.0013	104.86	2017-05-04 20:02:00 UTC+0000	104.86	0.0%
FE	1.0013	28.87	2017-05-05 17:07:00 UTC+0000	28.89	0.06927606511950568%
MDT	1.0012	83.91	2017-05-04 20:02:00 UTC+0000	83.91	0.0%
IVZ	1.0012	32.41	2017-05-05 14:48:00 UTC+0000	32.255	-0.47824745448933337%
JBHT	1.0012	88.55	2017-05-05 15:35:00 UTC+0000	88.41	-0.15810276679841806%
IRM	1.0012	34.75	2017-05-05 15:04:00 UTC+0000	34.96	0.6043165467625844%
PCAR	1.0012	66.90	2017-05-05 13:48:00 UTC+0000	66.71	-0.2840059790732652%
MSFT	1.0012	68.81	2017-05-05 14:13:00 UTC+0000	68.84	0.0435983141985119%
YHOO	1.0012	48.45	2017-05-05 16:17:00 UTC+0000	48.4238	-0.054076367389066515%
AVGO	1.0011	223.40	2017-05-05 17:02:00 UTC+0000	225.73	1.0429722470904235%
CNC	1.0009	75.87	2017-05-05 13:47:00 UTC+0000	76.65	1.0280743376828827%
AN	1.0009	40.43	2017-05-05 15:57:00 UTC+0000	40.45	0.04946821667080048%
CI	1.0009	156.73	2017-05-05 13:41:00 UTC+0000	161.49	3.037070120589558%
FFIV	1.0008	126.42	2017-05-05 16:03:00 UTC+0000	127.80	1.0915994304698584%
BSX	1.0008	26.35	2017-05-05 15:30:00 UTC+0000	26.46	0.4174573055028441%
VNO	1.0007	95.01	2017-05-05 17:07:00 UTC+0000	94.74	-0.2841806125671087%
MS	1.0006	43.28	2017-05-05 16:44:00 UTC+0000	42.88	-0.9242144177449174%
UNP	1.0006	110.33	2017-05-05 15:09:00 UTC+0000	110.29	-0.03625487174838682%
PHM	1.0006	22.15	2017-05-05 13:30:00 UTC+0000	22.29	0.6320541760722387%
SYK	1.0005	134.98	2017-05-05 17:00:00 UTC+0000	135.52	0.4000592680397208%
IP	1.0004	53.15	2017-05-05 16:29:00 UTC+0000	53.205	0.10348071495767108%
CAG	1.0004	37.70	2017-05-05 15:59:00 UTC+0000	37.765	0.17241379310344307%
WYN	1.0003	95.63	2017-05-05 15:49:00 UTC+0000	95.935	0.3189375718916754%
TXN	1.0003	79.30	2017-05-05 14:30:00 UTC+0000	79.28	-0.025220680958382147%
LLL	1.0003	167.99	2017-05-05 16:25:00 UTC+0000	167.90	-0.05357461753675574%
MON	1.0003	115.93	2017-05-05 14:45:00 UTC+0000	116.30	0.31915811265417204%
ANTM	1.0003	179.89	2017-05-05 16:23:00 UTC+0000	180.03	0.07782533770639422%
AFL	1.0002	74.39	2017-05-05 15:56:00 UTC+0000	74.13	-0.3495093426535867%
AAPL	1.0002	146.53	2017-05-05 14:28:00 UTC+0000	147.75	0.8325940080529559%
RHI	1.0001	46.81	2017-05-05 14:53:00 UTC+0000	46.57	-0.5127109591967605%
TSO	1.0001	78.92	2017-05-05 16:40:00 UTC+0000	80.18	1.5965534718702656%
NKE	1.0001	54.47	2017-05-05 13:48:00 UTC+0000	54.23	-0.44060950982192093%
CNP	1.0001	27.98	2017-05-05 14:46:00 UTC+0000	28.19	0.7505360972122954%
HBAN	1.0	13.05	2017-05-05 17:07:00 UTC+0000	12.97	-0.6130268199233679%
DLR	1.0	111.87	2017-05-05 17:07:00 UTC+0000	113.14	1.1352462679896203%
SE	1.0	40.68	2017-02-24 22:01:00 UTC+0000	40.68	0.0%
CRM	1.0	86.52	2017-05-05 16:55:00 UTC+0000	86.575	0.06356911696718814%
BEN	0.9999	42.46	2017-05-05 15:44:00 UTC+0000	42.73	0.6358926048045221%
HOG	0.9999	55.62	2017-05-05 14:14:00 UTC+0000	55.68	0.10787486515642097%
PEG	0.9998	43.48	2017-05-05 14:00:00 UTC+0000	43.76	0.6439742410303539%
RCL	0.9998	107.92	2017-05-05 14:42:00 UTC+0000	108.14	0.20385470719050947%
ADBE	0.9998	134.61	2017-05-05 14:10:00 UTC+0000	134.409	-0.14932025852464337%
MAT	0.9997	21.78	2017-05-05 15:54:00 UTC+0000	22.005	1.0330578512396604%
EXC	0.9997	34.05	2017-05-05 16:44:00 UTC+0000	34.28	0.6754772393539055%
JNPR	0.9997	30.50	2017-05-05 13:47:00 UTC+0000	30.64	0.459016393442635%
EXR	0.9996	73.31	2017-05-05 17:08:00 UTC+0000	73.30	-0.013640703860329229%
VLO	0.9996	64.37	2017-05-04 20:03:00 UTC+0000	64.37	0.0%
R	0.9996	68.37	2017-05-05 16:57:00 UTC+0000	68.37	0.0%
AMAT	0.9996	41.62	2017-05-05 16:58:00 UTC+0000	41.61	-0.024026910139351987%
HPQ	0.9994	18.79	2017-05-05 15:49:00 UTC+0000	18.89	0.532197977647697%
DNB	0.9994	110.48	2017-05-05 15:56:00 UTC+0000	112.15	1.5115858073859512%
SRCL	0.9993	85.73	2017-05-05 13:41:00 UTC+0000	86.14	0.47824565496326077%
DG	0.9993	73.37	2017-05-05 15:05:00 UTC+0000	73.55	0.2453318795147874%
PFE	0.9993	33.45	2017-05-05 16:19:00 UTC+0000	33.2769	-0.5174887892376856%
CSCO	0.9992	34.18	2017-05-05 16:21:00 UTC+0000	34.225	0.13165593914570284%
VZ	0.9992	45.88	2017-05-05 16:28:00 UTC+0000	46.60	1.5693112467306092%
HOLX	0.9992	45.105	2017-05-05 15:57:00 UTC+0000	44.91	-0.43232457598936236%
ROST	0.9992	64.57	2017-05-05 16:26:00 UTC+0000	64.59	0.030974136595962598%
LEN	0.9991	49.78	2017-05-05 16:28:00 UTC+0000	49.79	0.02008838891121023%
SCG	0.9991	64.92	2017-05-05 16:30:00 UTC+0000	65.69	1.1860751694392935%
SCHW	0.9991	40.16	2017-05-05 16:39:00 UTC+0000	39.86	-0.7470119521912233%
RAI	0.999	64.50	2017-05-05 15:48:00 UTC+0000	64.7925	0.45348837209302495%
MO	0.999	70.31	2017-05-05 14:44:00 UTC+0000	70.61	0.42668183757643696%
BRK-B	0.999	166.34	2017-05-05 15:03:00 UTC+0000	166.45	0.06612961404350859%
TMK	0.999	76.71	2017-05-05 17:08:00 UTC+0000	76.50	-0.27375831052013355%
NWSA	0.999	12.57	2017-05-05 16:18:00 UTC+0000	12.645	0.5966587112171684%
GLW	0.9988	28.84	2017-05-05 14:50:00 UTC+0000	28.77	-0.24271844660194164%
ADI	0.9987	75.66	2017-05-05 14:55:00 UTC+0000	75.6601	0.0001321702352674592%
IFF	0.9987	138.47	2017-05-05 16:03:00 UTC+0000	139.57	0.7943958980284549%
INTC	0.9987	36.85	2017-05-04 20:00:00 UTC+0000	36.85	0.0%
ESRX	0.9987	61.79	2017-05-05 15:48:00 UTC+0000	61.61	-0.2913092733451972%
MNK	0.9986	45.80	2017-05-05 15:04:00 UTC+0000	45.30	-1.091703056768556%
IPG	0.9986	23.97	2017-05-05 13:59:00 UTC+0000	24.09	0.5006257822277815%
RSG	0.9986	63.10	2017-05-05 15:08:00 UTC+0000	63.17	0.11093502377179654%
JCI	0.9986	41.47	2017-05-05 14:13:00 UTC+0000	41.76	0.6993006993006867%
OMC	0.9986	82.93	2017-05-05 17:00:00 UTC+0000	83.50	0.6873266610394335%
NWS	0.9985	12.85	2017-05-05 17:07:00 UTC+0000	12.95	0.7782101167315147%
CHRW	0.9985	72.56	2017-05-05 15:16:00 UTC+0000	73.08	0.7166482910694549%
VRSN	0.9985	90.56	2017-05-05 15:48:00 UTC+0000	90.44	-0.13250883392226243%
ROK	0.9985	154.90	2017-05-04 20:02:00 UTC+0000	154.90	0.0%
SWKS	0.9984	100.92	2017-05-05 14:54:00 UTC+0000	100.58	-0.3369005152596194%
MAR	0.9984	96.88	2017-05-05 14:54:00 UTC+0000	96.81	-0.07225433526011349%
BLK	0.9984	383.31	2017-05-05 15:47:00 UTC+0000	383.00	-0.08087448801231689%
MJN	0.9983	88.82	2017-05-05 16:36:00 UTC+0000	88.86	0.04503490204910143%
TDC	0.9983	29.05	2017-05-05 15:35:00 UTC+0000	29.025	-0.0860585197934638%
WRK	0.9983	54.11	2017-05-04 20:00:00 UTC+0000	54.11	0.0%
PBCT	0.9982	17.51	2017-05-05 14:59:00 UTC+0000	17.36	-0.8566533409480437%
BWA	0.9982	41.33	2017-05-05 15:15:00 UTC+0000	41.58	0.6048874909266866%
MSI	0.9982	86.10	2017-05-05 14:08:00 UTC+0000	84.39	-1.9860627177700318%
CINF	0.9982	70.96	2017-05-05 17:03:00 UTC+0000	70.73	-0.32412626832016844%
CAH	0.9982	72.74	2017-05-05 14:48:00 UTC+0000	72.425	-0.4330492163871269%
SRE	0.9982	111.37	2017-05-05 16:05:00 UTC+0000	111.78	0.3681422286073488%
COF	0.9981	82.49	2017-05-05 14:54:00 UTC+0000	82.235	-0.3091283791974764%
ADSK	0.9981	93.25	2017-05-05 14:41:00 UTC+0000	92.81	-0.4718498659517456%
LOW	0.998	85.40	2017-05-05 16:44:00 UTC+0000	85.59	0.22248243559719327%
UPS	0.998	107.05	2017-05-05 16:34:00 UTC+0000	107.22	0.1588042970574577%
PLD	0.9979	54.11	2017-05-05 16:37:00 UTC+0000	54.42	0.572907041212356%
BA	0.9978	183.07	2017-05-05 16:24:00 UTC+0000	184.35	0.6991861036761859%
COL	0.9978	103.44	2017-05-05 15:31:00 UTC+0000	103.42	-0.019334880123744735%
CBG	0.9978	35.85	2017-05-05 15:53:00 UTC+0000	36.47	1.7294281729428151%
WM	0.9978	72.95	2017-05-04 20:02:00 UTC+0000	72.95	0.0%
INTU	0.9977	125.95	2017-05-05 16:51:00 UTC+0000	125.939	-0.00873362445416026%
NDAQ	0.9976	67.96	2017-05-05 14:08:00 UTC+0000	67.97	0.014714537963511631%
AMT	0.9975	127.39	2017-05-05 15:52:00 UTC+0000	127.63	0.18839783342490257%
HCA	0.9975	83.48	2017-05-05 16:42:00 UTC+0000	83.185	-0.3533780546238652%
ALLE	0.9975	77.35	2017-05-05 16:15:00 UTC+0000	77.18	-0.2197802197802079%
BCR	0.9974	306.60	2017-05-05 16:17:00 UTC+0000	307.80	0.3913894324853118%
VAR	0.9974	91.58	2017-05-05 17:08:00 UTC+0000	91.89	0.33850185630051044%
ED	0.9974	78.88	2017-05-05 15:12:00 UTC+0000	80.015	1.4388945233265726%
STT	0.9974	83.72	2017-05-05 15:04:00 UTC+0000	83.68	-0.047778308647861145%
TSN	0.9974	62.97	2017-05-05 15:30:00 UTC+0000	63.5899	0.9844370335080121%
EXPD	0.9974	54.47	2017-05-05 16:58:00 UTC+0000	54.49	0.036717459151835996%
HON	0.9974	131.20	2017-05-05 14:44:00 UTC+0000	130.84	-0.2743902439024226%
LH	0.9974	140.90	2017-05-05 15:00:00 UTC+0000	141.49	0.41873669268985836%
PG	0.9973	86.45	2017-05-05 14:34:00 UTC+0000	86.31	-0.16194331983805377%
CXO	0.9973	127.11	2017-05-05 15:12:00 UTC+0000	128.09	0.7709857603650505%
HD	0.9973	154.86	2017-05-05 15:41:00 UTC+0000	154.59	-0.17435102673383218%
ECL	0.9972	126.22	2017-05-05 16:24:00 UTC+0000	126.18	-0.031690698779907045%
UNM	0.9971	46.67	2017-05-05 16:38:00 UTC+0000	46.29	-0.8142275551746403%
ALB	0.9971	108.71	2017-05-05 17:02:00 UTC+0000	110.18	1.3522215067611087%
TRV	0.997	120.81	2017-05-05 14:19:00 UTC+0000	120.74	-0.05794222332589083%
ISRG	0.997	847.22	2017-05-05 15:17:00 UTC+0000	848.1525	0.11006586246784522%
HAS	0.997	99.37	2017-05-05 15:19:00 UTC+0000	99.94	0.5736137667303964%
FBHS	0.9969	63.34	2017-05-05 15:49:00 UTC+0000	63.285	-0.08683296495106685%
STX	0.9969	42.58	2017-05-05 13:30:00 UTC+0000	42.3511	-0.5375763269140355%
TSS	0.9969	57.54	2017-05-04 20:02:00 UTC+0000	57.54	0.0%
EVHC	0.9969	57.76	2017-05-05 15:04:00 UTC+0000	57.60	-0.27700831024930483%
HRL	0.9969	34.75	2017-05-05 14:55:00 UTC+0000	34.71	-0.11510791366906581%
AGN	0.9968	245.25	2017-05-05 15:26:00 UTC+0000	244.13	-0.45667686034658317%
AVY	0.9968	83.70	2017-05-05 16:32:00 UTC+0000	84.07	0.44205495818396834%
MAA	0.9968	99.02	2017-05-05 14:45:00 UTC+0000	99.84	0.8281155322157119%
CSX	0.9967	51.72	2017-05-05 14:48:00 UTC+0000	51.89	0.3286929621036272%
GS	0.9966	226.59	2017-05-05 16:39:00 UTC+0000	226.03	-0.24714241581711427%
BDX	0.9966	184.86	2017-05-05 14:53:00 UTC+0000	185.429	0.3078004976739157%
JPM	0.9966	87.10	2017-05-05 15:01:00 UTC+0000	86.73	-0.4247990815154923%
JEC	0.9966	54.78	2017-05-05 16:22:00 UTC+0000	53.77	-1.8437385907265402%
PVH	0.9965	101.16	2017-05-05 15:29:00 UTC+0000	102.72	1.542111506524324%
LEG	0.9965	53.49	2017-05-05 13:51:00 UTC+0000	53.455	-0.06543279117592338%
CTSH	0.9965	60.75	2017-05-05 15:11:00 UTC+0000	63.25	4.115226337448563%
NUE	0.9964	61.09	2017-05-05 15:18:00 UTC+0000	60.725	-0.5974791291537107%
AEP	0.9964	68.02	2017-05-05 15:38:00 UTC+0000	68.47	0.6615701264333973%
WAT	0.9964	173.70	2017-05-05 15:52:00 UTC+0000	173.24	-0.2648244099021202%
GE	0.9964	29.20	2017-05-05 13:42:00 UTC+0000	29.155	-0.15410958904108485%
V	0.9964	92.62	2017-05-04 20:01:00 UTC+0000	92.62	0.0%
NOC	0.9964	245.75	2017-05-05 15:30:00 UTC+0000	246.79	0.42319430315360673%
CMA	0.9963	71.94	2017-05-05 16:20:00 UTC+0000	71.31	-0.8757297748123394%
BAX	0.9963	55.96	2017-05-05 16:44:00 UTC+0000	55.77	-0.33952823445317915%
JNJ	0.9963	123.95	2017-05-05 13:44:00 UTC+0000	123.27	-0.5486083098023453%
PNW	0.9963	84.45	2017-05-05 15:05:00 UTC+0000	85.15	0.82889283599763%
EQIX	0.9963	424.28	2017-05-05 15:39:00 UTC+0000	422.59	-0.39832186292071414%
FIS	0.9963	83.52	2017-05-05 13:32:00 UTC+0000	83.40	-0.1436781609195248%
HPE	0.9963	18.75	2017-05-05 15:08:00 UTC+0000	18.775	0.13333333333331865%
GD	0.9962	194.55	2017-05-05 15:06:00 UTC+0000	194.95	0.2056026728347371%
CCL	0.9962	62.97	2017-05-05 15:05:00 UTC+0000	62.90	-0.11116404637129262%
SYF	0.9962	28.67	2017-05-05 14:15:00 UTC+0000	28.93	0.9068712940355717%
WBA	0.9962	86.05	2017-05-05 13:35:00 UTC+0000	85.94	-0.12783265543289124%
CMS	0.9962	45.13	2017-05-05 13:48:00 UTC+0000	45.3801	0.5541768225127308%
IBM	0.9962	159.05	2017-05-05 16:22:00 UTC+0000	154.89	-2.6155297076391193%
EQR	0.9962	64.41	2017-05-05 15:09:00 UTC+0000	65.00	0.9160068312373815%
ACN	0.9962	120.82	2017-05-05 15:13:00 UTC+0000	121.02	0.16553550736633227%
TEL	0.9961	75.65	2017-05-05 15:27:00 UTC+0000	75.36	-0.38334434897555614%
GT	0.9961	35.30	2017-05-05 13:51:00 UTC+0000	35.25	-0.14164305949008194%
GPC	0.9961	92.25	2017-05-05 15:18:00 UTC+0000	92.04	-0.22764227642275703%
STI	0.9961	57.93	2017-05-05 15:06:00 UTC+0000	57.91	-0.034524426031423694%
C	0.996	60.21	2017-05-04 20:00:00 UTC+0000	60.21	0.0%
TDG	0.996	250.04	2017-05-04 20:02:00 UTC+0000	250.04	0.0%
DTE	0.996	104.19	2017-05-05 16:13:00 UTC+0000	104.65	0.44150110375276164%
DGX	0.996	107.22	2017-05-05 14:57:00 UTC+0000	107.21	-0.009326618168259415%
ETR	0.996	76.56	2017-05-05 14:47:00 UTC+0000	77.22	0.8620689655172376%
TJX	0.9959	78.97	2017-05-05 14:48:00 UTC+0000	78.66	-0.3925541344814487%
RHT	0.9959	87.89	2017-05-05 15:58:00 UTC+0000	88.38	0.5575150756627512%
TROW	0.9958	71.78	2017-05-05 15:30:00 UTC+0000	71.52	-0.3622178879910898%
LMT	0.9958	270.51	2017-05-04 20:04:00 UTC+0000	270.51	0.0%
AMG	0.9958	155.43	2017-05-04 20:02:00 UTC+0000	155.43	0.0%
KSU	0.9957	90.04	2017-05-05 15:30:00 UTC+0000	90.78	0.8218569524655717%
ATVI	0.9957	53.10	2017-05-05 15:47:00 UTC+0000	53.14	0.07532956685498693%
EW	0.9957	110.45	2017-05-05 16:13:00 UTC+0000	110.64	0.17202354006338183%
PH	0.9957	159.79	2017-05-05 16:35:00 UTC+0000	158.03	-1.1014456474122247%
MRK	0.9956	63.38	2017-05-05 14:55:00 UTC+0000	63.615	0.3707794256863295%
XLNX	0.9956	62.94	2017-05-05 15:05:00 UTC+0000	63.05	0.174769621862092%
BBT	0.9956	44.06	2017-05-05 15:34:00 UTC+0000	43.762	-0.6763504312301438%
PNR	0.9956	65.29	2017-05-05 16:30:00 UTC+0000	66.14	1.301883902588452%
MAS	0.9955	36.79	2017-05-05 13:43:00 UTC+0000	36.77	-0.05436259853219827%
ITW	0.9955	138.27	2017-05-05 16:11:00 UTC+0000	139.03	0.5496492370000716%
MMC	0.9955	74.38	2017-05-05 14:07:00 UTC+0000	74.34	-0.05377789728420179%
HSY	0.9954	107.28	2017-05-05 16:03:00 UTC+0000	107.485	0.1910887397464478%
PAYX	0.9954	58.68	2017-05-05 15:07:00 UTC+0000	58.77	0.15337423312884457%
EBAY	0.9953	33.51	2017-05-04 20:00:00 UTC+0000	33.51	0.0%
PCG	0.9953	66.96	2017-05-05 13:48:00 UTC+0000	67.22	0.38829151732378%
KR	0.9952	29.22	2017-05-05 16:49:00 UTC+0000	29.20	-0.0684462696783017%
UNH	0.9952	174.02	2017-05-05 14:06:00 UTC+0000	174.135	0.06608435811974456%
AMGN	0.9952	164.29	2017-05-05 16:44:00 UTC+0000	162.64	-1.0043216263923571%
PYPL	0.9952	48.91	2017-05-05 14:28:00 UTC+0000	48.96	0.1022285831118408%
AJG	0.9952	55.36	2017-05-05 16:00:00 UTC+0000	55.53	0.3070809248554962%
SBUX	0.9951	60.83	2017-05-05 14:31:00 UTC+0000	60.785	-0.07397665625513694%
XEL	0.9951	44.92	2017-05-05 14:45:00 UTC+0000	45.225	0.678984861976839%
DHI	0.995	32.51	2017-05-05 14:46:00 UTC+0000	32.395	-0.35373731159641375%
NWL	0.9949	45.85	2017-05-05 16:16:00 UTC+0000	46.09	0.5234460196292368%
UA	0.9949	18.81	2017-05-05 16:20:00 UTC+0000	18.995	0.9835194045720419%
KSS	0.9949	39.35	2017-05-05 16:34:00 UTC+0000	40.08	1.855146124523488%
NTRS	0.9948	90.54	2017-05-05 15:55:00 UTC+0000	90.77	0.25403136735142606%
MA	0.9948	117.92	2017-05-05 16:57:00 UTC+0000	117.3995	-0.4414009497964666%
LRCX	0.9947	150.61	2017-05-05 16:09:00 UTC+0000	149.65	-0.6374078746431255%
DUK	0.9947	82.59	2017-05-05 14:43:00 UTC+0000	83.10	0.6175081729022702%
GILD	0.9947	68.08	2017-05-05 14:23:00 UTC+0000	68.015	-0.09547591069329897%
DRI	0.9946	87.33	2017-05-05 14:54:00 UTC+0000	86.89	-0.5038360242757278%
RL	0.9946	80.34	2017-05-05 14:21:00 UTC+0000	82.40	2.564102564102577%
SJM	0.9945	125.60	2017-05-05 13:55:00 UTC+0000	125.95	0.2786624203821697%
TXT	0.9945	46.25	2017-05-05 16:27:00 UTC+0000	46.37	0.2594594594594435%
AVB	0.9945	191.03	2017-05-05 17:04:00 UTC+0000	192.255	0.6412605349944922%
CELG	0.9944	124.46	2017-05-05 14:18:00 UTC+0000	122.48	-1.5908725695002346%
PPG	0.9944	109.89	2017-05-04 20:02:00 UTC+0000	109.89	0.0%
AIV	0.9944	43.17	2017-05-05 13:30:00 UTC+0000	43.20	0.06949270326614965%
EFX	0.9944	136.86	2017-05-05 14:49:00 UTC+0000	137.44	0.42379073505771636%
CTAS	0.9944	121.94	2017-05-05 14:15:00 UTC+0000	122.21	0.22142037067409692%
SYMC	0.9944	32.22	2017-05-04 20:00:00 UTC+0000	32.22	0.0%
CFG	0.9943	37.34	2017-05-05 14:58:00 UTC+0000	36.98	-0.9641135511516019%
MTB	0.9943	159.09	2017-05-05 15:48:00 UTC+0000	158.45	-0.40228801307437%
PX	0.9942	126.32	2017-05-05 16:41:00 UTC+0000	129.05	2.1611779607346504%
EA	0.9942	94.76	2017-05-04 20:00:00 UTC+0000	94.76	0.0%
XL	0.9942	42.50	2017-05-05 17:08:00 UTC+0000	42.47	-0.07058823529412228%
CCI	0.9942	94.78	2017-05-05 13:37:00 UTC+0000	95.00	0.2321164802701059%
SO	0.9941	49.79	2017-05-05 16:31:00 UTC+0000	49.9148	0.2506527415143678%
BK	0.9941	47.61	2017-05-05 14:17:00 UTC+0000	47.4743	-0.285024154589375%
NEE	0.994	134.34	2017-05-05 15:41:00 UTC+0000	134.66	0.23820157808545073%
USB	0.994	52.31	2017-05-05 15:54:00 UTC+0000	51.7362	-1.0969221946090735%
DLTR	0.994	81.96	2017-05-05 14:42:00 UTC+0000	81.98	0.024402147388991047%
HRS	0.994	110.00	2017-05-05 14:30:00 UTC+0000	110.98	0.8909090909090978%
KO	0.9939	43.66	2017-05-04 20:02:00 UTC+0000	43.66	0.0%
MHK	0.9939	232.56	2017-05-05 15:20:00 UTC+0000	233.27	0.3052975576195438%
ZION	0.9939	40.67	2017-05-05 16:24:00 UTC+0000	40.75	0.19670518809933313%
MCO	0.9939	119.40	2017-05-05 16:33:00 UTC+0000	118.32	-0.9045226130653394%
D	0.9939	77.30	2017-05-05 13:57:00 UTC+0000	77.85	0.7115135834411257%
APH	0.9938	71.84	2017-05-05 13:38:00 UTC+0000	72.00	0.22271714922048602%
CB	0.9938	138.30	2017-05-05 15:16:00 UTC+0000	137.67	-0.45553145336226786%
ICE	0.9938	60.87	2017-05-05 14:01:00 UTC+0000	60.74	-0.21356990307210832%
BAC	0.9937	23.85	2017-05-05 16:31:00 UTC+0000	23.6885	-0.6771488469601739%
DPS	0.9937	91.21	2017-05-05 15:49:00 UTC+0000	91.32	0.12060081131455291%
ROP	0.9936	218.22	2017-05-05 15:58:00 UTC+0000	220.335	0.9692053890569152%
AON	0.9934	121.20	2017-05-05 14:59:00 UTC+0000	121.71	0.42079207920791006%
IR	0.9934	89.82	2017-05-05 16:47:00 UTC+0000	89.635	-0.20596749053661823%
FTV	0.9934	62.82	2017-05-05 16:44:00 UTC+0000	62.85	0.047755491881562584%
GRMN	0.9934	51.42	2017-05-05 17:02:00 UTC+0000	52.20	1.516919486581103%
UDR	0.9934	37.62	2017-05-04 20:00:00 UTC+0000	37.62	0.0%
ES	0.9933	59.49	2017-05-05 15:11:00 UTC+0000	59.73	0.4034291477559071%
CPB	0.9933	57.24	2017-05-05 15:07:00 UTC+0000	57.2462	0.010831586303283736%
CA	0.9933	32.96	2017-05-05 15:10:00 UTC+0000	33.005	0.13652912621360258%
ABBV	0.9932	67.23	2017-05-05 15:12:00 UTC+0000	66.445	-1.1676334969507818%
NI	0.9931	24.28	2017-05-05 16:24:00 UTC+0000	24.505	0.9266886326194212%
KHC	0.9929	89.70	2017-05-05 14:05:00 UTC+0000	89.56	-0.15607580824972267%
ILMN	0.9929	188.85	2017-05-05 13:30:00 UTC+0000	188.40	-0.2382843526608336%
SPGI	0.9929	136.61	2017-05-05 16:29:00 UTC+0000	137.75	0.8344923504867818%
WFC	0.9928	55.18	2017-05-04 20:00:00 UTC+0000	55.18	0.0%
HIG	0.9928	49.36	2017-05-05 16:53:00 UTC+0000	49.42	0.12155591572122759%
KMX	0.9927	58.71	2017-05-05 15:00:00 UTC+0000	58.405	-0.5195026400953817%
PEP	0.9927	112.96	2017-05-05 14:34:00 UTC+0000	113.1599	0.17696529745041545%
PSA	0.9926	207.63	2017-05-05 15:06:00 UTC+0000	207.75	0.05779511631267553%
CME	0.9926	118.64	2017-05-05 15:27:00 UTC+0000	118.34	-0.2528658125421468%
KMB	0.9925	128.19	2017-05-04 20:01:00 UTC+0000	128.19	0.0%
FTI	0.9925	31.02	2017-05-05 13:58:00 UTC+0000	31.51	1.5796260477111579%
PRU	0.9925	109.13	2017-05-05 15:24:00 UTC+0000	108.66	-0.43067900668927184%
NFLX	0.9923	157.25	2017-05-05 14:02:00 UTC+0000	157.416	0.10556438791733402%
APD	0.9923	144.76	2017-05-05 14:27:00 UTC+0000	145.905	0.7909643547941547%
JWN	0.9921	49.14	2017-05-05 14:58:00 UTC+0000	49.01	-0.2645502645502673%
MKC	0.9921	100.33	2017-05-05 16:05:00 UTC+0000	100.45	0.11960530250174628%
ORCL	0.992	45.47	2017-05-05 14:02:00 UTC+0000	45.46	-0.021992522542335635%
MET	0.992	52.65	2017-05-05 14:45:00 UTC+0000	52.41	-0.4558404558404616%
WMT	0.9919	76.34	2017-05-05 13:41:00 UTC+0000	76.51	0.2226879748493671%
CLX	0.9919	132.36	2017-05-05 16:08:00 UTC+0000	132.87	0.3853127833182146%
FAST	0.9918	45.53	2017-05-05 13:43:00 UTC+0000	45.12	-0.9005051614320303%
FITB	0.9918	24.91	2017-05-05 14:09:00 UTC+0000	24.80	-0.44158972300281096%
DE	0.9917	112.03	2017-05-05 14:25:00 UTC+0000	112.18	0.1338927073105456%
ESS	0.9916	250.49	2017-05-05 17:08:00 UTC+0000	250.245	-0.09780829574035366%
FDX	0.9915	191.19	2017-05-05 16:44:00 UTC+0000	191.76	0.2981327475286344%
WFM	0.9913	36.68	2017-05-05 15:37:00 UTC+0000	36.69	0.027262813522344054%
WDC	0.9912	89.17	2017-05-05 16:25:00 UTC+0000	90.07	1.0093080632499696%
MTD	0.9912	519.31	2017-05-05 14:00:00 UTC+0000	562.05	8.230151547245379%
MCD	0.9912	143.45	2017-05-05 14:15:00 UTC+0000	143.09	-0.25095852213313785%
UTX	0.9912	121.00	2017-05-05 13:48:00 UTC+0000	120.89	-0.09090909090908594%
MLM	0.991	237.00	2017-05-05 16:55:00 UTC+0000	236.32	-0.28691983122363096%
AEE	0.9909	54.81	2017-05-05 14:03:00 UTC+0000	54.7675	-0.07754059478197739%
WEC	0.9908	61.27	2017-05-05 15:12:00 UTC+0000	61.79	0.8487024645013719%
SNA	0.9908	169.76	2017-05-05 13:31:00 UTC+0000	169.355	-0.23857210179076827%
LUV	0.9907	58.34	2017-05-05 14:50:00 UTC+0000	58.03	-0.5313678436750124%
TRIP	0.9907	45.89	2017-05-05 15:24:00 UTC+0000	46.13	0.5229897581172427%
EIX	0.9904	79.78	2017-05-05 15:03:00 UTC+0000	79.82	0.05013787916769985%
A	0.9903	56.70	2017-05-05 13:37:00 UTC+0000	56.79	0.15873015873015817%
CSRA	0.9902	29.49	2017-05-05 16:47:00 UTC+0000	29.482	-0.02712783994573975%
AET	0.9902	140.09	2017-05-05 14:45:00 UTC+0000	140.21	0.08565921907346397%
SWK	0.9902	138.18	2017-05-05 15:06:00 UTC+0000	138.69	0.3690838037342603%
GOOG	0.9901	931.66	2017-05-05 13:41:00 UTC+0000	932.71	0.11270205869093886%
RTN	0.99	157.88	2017-05-05 16:18:00 UTC+0000	158.58	0.4433747149733991%
AAL	0.9899	43.91	2017-05-05 15:05:00 UTC+0000	44.0728	0.3707583693919547%
CL	0.9899	71.95	2017-05-05 16:44:00 UTC+0000	71.69	-0.361362056984027%
KEY	0.9899	18.90	2017-05-05 17:09:00 UTC+0000	18.77	-0.6878306878306817%
KLAC	0.9899	100.81	2017-05-05 17:09:00 UTC+0000	100.72	-0.08927685745462322%
PPL	0.9898	38.44	2017-05-05 16:42:00 UTC+0000	38.5199	0.20785639958378344%
COTY	0.9898	18.33	2017-05-05 16:26:00 UTC+0000	18.06	-1.4729950900163602%
AYI	0.9897	179.81	2017-05-04 20:02:00 UTC+0000	179.81	0.0%
PKI	0.9897	60.49	2017-05-05 14:56:00 UTC+0000	61.45	1.587039180029759%
MYL	0.9896	38.01	2017-05-05 13:43:00 UTC+0000	38.02	0.026308866087876304%
TGT	0.9895	57.29	2017-05-05 16:39:00 UTC+0000	57.15	-0.24437074533077974%
FISV	0.9893	120.25	2017-05-05 15:29:00 UTC+0000	119.67	-0.4823284823284757%
VMC	0.9891	128.34	2017-05-05 15:06:00 UTC+0000	128.20	-0.10908524232509098%
SHW	0.989	338.61	2017-05-05 14:41:00 UTC+0000	337.13	-0.43708100764892066%
DHR	0.9888	84.08	2017-05-05 14:08:00 UTC+0000	84.05	-0.03568030447193005%
GOOGL	0.9885	954.72	2017-05-05 14:31:00 UTC+0000	952.595	-0.2225783475783505%
COO	0.9884	204.89	2017-05-05 16:36:00 UTC+0000	206.24	0.6588901361706423%
LNT	0.9883	39.87	2017-05-05 14:19:00 UTC+0000	40.11	0.6019563581640464%
MMM	0.9883	199.51	2017-05-05 14:38:00 UTC+0000	199.17	-0.17041752293118773%
PGR	0.9882	40.37	2017-05-05 13:54:00 UTC+0000	40.34	-0.07431260837253983%
VFC	0.9881	54.02	2017-05-05 16:57:00 UTC+0000	54.4238	0.7475009255831111%
PNC	0.9881	123.45	2017-05-05 14:18:00 UTC+0000	122.8457	-0.48950992304577223%
ULTA	0.988	292.21	2017-05-05 14:57:00 UTC+0000	292.83	0.21217617466890992%
TMO	0.988	170.12	2017-05-05 15:23:00 UTC+0000	170.19	0.04114742534679916%
LNC	0.9879	67.31	2017-05-05 16:05:00 UTC+0000	67.39	0.11885306789480854%
MDLZ	0.9874	45.05	2017-05-05 14:55:00 UTC+0000	44.865	-0.41065482796891484%
HRB	0.9874	25.16	2017-05-05 13:37:00 UTC+0000	24.92	-0.9538950715421213%
AIG	0.9874	62.67	2017-05-05 14:23:00 UTC+0000	62.87	0.31913196106589936%
CVS	0.9873	81.13	2017-05-04 20:03:00 UTC+0000	81.13	0.0%
PDCO	0.9873	45.25	2017-05-05 16:29:00 UTC+0000	45.395	0.32044198895029297%
GIS	0.9869	57.05	2017-05-05 17:09:00 UTC+0000	57.13	0.14022787028922234%
HSIC	0.9866	178.08	2017-05-05 15:04:00 UTC+0000	178.54	0.2583108715183968%
OXY	0.9865	60.17	2017-05-05 16:54:00 UTC+0000	59.62	-0.9140767824497353%
K	0.9862	70.40	2017-05-05 14:48:00 UTC+0000	70.215	-0.26278409090909616%
PCLN	0.9859	1910.41	2017-05-05 15:29:00 UTC+0000	1913.035	0.13740505964687788%
LLY	0.9856	83.04	2017-05-05 16:36:00 UTC+0000	82.11	-1.119942196531798%
QCOM	0.985	54.91	2017-05-05 16:30:00 UTC+0000	54.89	-0.03642323802585112%
AAP	0.9848	144.81	2017-05-05 15:54:00 UTC+0000	144.51	-0.20716801325876277%
COST	0.9848	182.45	2017-05-05 16:31:00 UTC+0000	179.83	-1.4360098657166254%
HUM	0.9848	228.85	2017-05-05 15:05:00 UTC+0000	230.19	0.5855363775398859%
EXPE	0.9847	141.10	2017-05-05 15:09:00 UTC+0000	141.16	0.04252303330971596%
SEE	0.9843	45.18	2017-05-05 13:30:00 UTC+0000	45.40	0.48694112439131576%
BF-B	0.9842	48.40	2017-05-05 15:47:00 UTC+0000	48.75	0.723140495867769%
AZO	0.9839	704.58	2017-05-04 20:01:00 UTC+0000	704.58	0.0%
STZ	0.9836	177.20	2017-05-05 16:44:00 UTC+0000	177.00	-0.11286681715575453%
RF	0.9835	14.27	2017-05-05 16:38:00 UTC+0000	14.235	-0.24526979677645944%
XYL	0.983	51.52	2017-05-05 17:08:00 UTC+0000	52.01	0.9510869565217295%
ABT	0.9827	44.59	2017-05-05 17:10:00 UTC+0000	44.54	-0.11213276519399518%
COH	0.9818	42.56	2017-05-05 15:59:00 UTC+0000	42.66	0.23496240601501572%
ORLY	0.9814	250.82	2017-05-05 15:55:00 UTC+0000	251.40	0.2312415277888613%
AME	0.981	60.39	2017-05-05 15:01:00 UTC+0000	60.46	0.1159132306673305%
MCK	0.9801	142.22	2017-05-05 16:06:00 UTC+0000	141.605	-0.4324286316973791%
MNST	0.9795	45.93	2017-05-05 16:34:00 UTC+0000	47.44	3.2876115828434527%
UAL	0.9789	74.91	2017-05-05 14:44:00 UTC+0000	74.71	-0.26698705112802035%
DAL	0.9775	48.64	2017-05-05 14:48:00 UTC+0000	48.4134	-0.46587171052631104%
PBI	0.9774	15.17	2017-05-05 15:28:00 UTC+0000	15.355	1.2195121951219523%
XRAY	0.9769	65.32	2017-05-05 14:40:00 UTC+0000	65.0101	-0.47443355786894736%
YUM	0.976	68.98	2017-05-05 17:10:00 UTC+0000	69.25	0.3914178022615289%
ALL	0.9756	85.57	2017-05-05 14:13:00 UTC+0000	85.63	0.07011803202057187%
SYY	0.9755	54.60	2017-05-05 14:50:00 UTC+0000	54.83	0.42124542124541975%
EL	0.974	91.86	2017-05-05 16:13:00 UTC+0000	92.00	0.1524058349662516%
CF	0.9738	27.07	2017-05-05 15:28:00 UTC+0000	28.11	3.8418913926856257%
CHD	0.9712	50.85	2017-05-05 15:02:00 UTC+0000	50.625	-0.4424778761061954%
CTXS	0.969	86.87	2017-05-05 16:33:00 UTC+0000	87.01	0.16116035455278066%
AIZ	0.9674	104.47	2017-05-05 16:40:00 UTC+0000	103.16	-1.2539485019622876%
ABC	0.9649	86.53	2017-05-05 15:54:00 UTC+0000	86.47	-0.0693401132555227%
ZTS	0.9632	58.87	2017-05-05 14:08:00 UTC+0000	58.69	-0.30575845082384534%
GPN	0.9578	86.14	2017-05-05 14:17:00 UTC+0000	86.05	-0.10448107731599876%
WLTW	0.9528	142.34	2017-05-05 17:10:00 UTC+0000	143.245	0.6358016017985024%
DLPH	0.946	88.06	2017-05-05 13:57:00 UTC+0000	87.73	-0.3747444923915544%
REGN	0.9422	434.31	2017-05-05 15:36:00 UTC+0000	429.31	-1.151251410282983%
FSLR	0.9336	34.24	2017-05-05 14:29:00 UTC+0000	34.30	0.17523364485980686%